occupation,rating
Aerobics / Keep Fit Instructor,5
Amusement Arcade,10
Angling Club,3
Art Gallery,3
Aviation Club,10
Badminton Club,6
Bed and Breakfast,3
Bingo Hall,9
Boat Hirer,8
Bowling Club (Green),3
Café (no frying),3
Cafe (with frying),3
Camping Site,3
Caravan Site,3
Casino,10
Caterer (own premises),3
Caterer (third party premises),3
Chef / Cook,3
Children's Entertainer,5
Choreographer,5
Cinema,9
Clay Pigeon Shoot Organiser,4
Climbing Centre,4
Climbing Instructor,9
Combat Games,10
Conference Centre,4
Country Club / House,3
Country Park,5
Cricket Club (not pro),5
Cross Country Course,7
Cycle Tour Organiser,4
Dancing School,5
Equestrian Centre Proprietor,3
Exhibition Centre,5
Falconry,7
Farm Guesthouse Proprietor,3
Fast Food Retailer,5
Fish & Chip Cafes/Restaurants,3
Fishing Lake Proprietor,3
Football Club (not prof'),7
Function Room & Wedding Venue,5
Go-Kart Centre,10
Golf Club,4
Golf Driving Range,4
Greyhound Trainer,7
Groom,3
Guest House (excluding Farm),3
Gun / Shooting Club,10
Gymnasium / Fitness Studio,7
Health Club,7
Hockey Club,7
Holiday Camp,3
Horse Breaker / Trainer,3
Horse Drawn Carriage Prop',3
Hostel (excl Youth Hostel),8
Hotel,3
Hunt,10
Ice Cream Vendor (mobile),9
Ice Rink,9
Internet Café,5
Leisure Centre Proprietor,7
Leisure Park / Fairground,8
Livery Stable Proprietor,7
Livery Stable Proprietor (DIY),7
Magician,5
Mobile / Park Home,3
Mobile Catering (Trailers),5
Motor Racing Organiser,10
Museum,3
Musician - Professional,10
National Association,10
Nature Reserve,5
Night Club,10
Off Road Instructor,10
Outdoor Pursuits Centre / Club,10
Paint Ball Centre / Club,10
Personal Trainer,5
Pigeon Fancier Club,7
Place of Religious Worship,10
Political Party,10
Polo Club,3
Pony Club,7
Public House,3
Puppeteer,5
Quad Bike Farm Trail Prop',9
Racecourse or Track,10
Racehorse Owner,3
Restaurant (Licenced),3
Restaurant (Unlicenced),3
Riding Club,7
Riding Instructor,3
Riding Tuition Client Premises,3
Riding Tuition Own Premises,3
Rough Terrain Veh' Site Prop',9
Rugby Club (not professional),7
Safari Park,10
Sandwich Delivery,4
Sandwich Retailer,3
School Meals Contractor,3
Self Catering Holiday Accom'n,3
Shoot Organiser,4
Shooting Instructor,10
Shooting Syndicate,4
Singer - Professional,10
Skate / Skateboarding Centre,10
Skiing / Winter Sports Centre,10
Slimming Club,3
Snooker Club,9
Social Club,3
Sports Instructor,7
Steam Engine Preservation,9
Swimming Instructor,7
Swimming Pool,7
Takeaways (excl Fish & Chips),8
Tea / Coffee Room,3
Tennis Club,6
Tour Guide,7
Tour Operator,7
Turkish Baths,7
Village Hall Committee,7
Volleyball Club,6
War Games,10
Water Sports Centre,9
Wedding Caterer,4
Yoga Teacher,5
Young Farmer's Club,2
Youth Hostel,8
Youth Organisation / Centre,8
Zoo,10
Agister,1
Agricultural Contractor,2
Arable Farmer,1
Arboriculturist,4
Artificial Insemination Serv',3
Beekeeper,1
Broiler Producer,1
Bulb Grower and Supplier,1
Cattle Farmer,1
Contract Milker,2
Crofter,1
Crop Spraying (ammonia),2
Crop Spraying Contractor,2
Dairy Farmer,1
Deer Farmer,1
Driver - Agricultural Vehicle,2
Duck Rearer,1
Egg Producer,1
Engineer - Horticultural,3
Engineer - Irrigation,9
Environmental Contractor,10
Farmer,1
Fertiliser Spreading Cont',5
Fish Farmer,7
Fish Husbandry,7
Fishery Owner,7
Fitter - Milking Machine,3
Forestry Contractor,6
Freeze Brander,7
Fruit Farmer,1
Game Rearer,1
Gamekeeper,1
Grain stores excluding drying,3
Grain stores including drying,4
Grass Cutting Contractor,2
Grower,1
Hatchery,1
Hedgecutting Contractor,4
Hop Grower,1
Horse Breeder,7
Lime Spreading Contractor,6
Livestock Dealer,3
Livestock Farmer,1
Maggot Breeder,3
Market Gardening,1
Mushroom Grower,1
Nursery (Horticultural),1
Open Farm,6
Ostrich Farmer,1
Pig Farmer,1
Poultry Breeder (mature birds),1
Poultry Breeder(not mat birds),1
Pullet Breeder,1
Pulse Producer,1
Rare Breed Farmer,1
Relief Milker,2
Seaweed Cutter,9
Seed Cleaner / Dresser,3
Share Farmer,1
Sheep Farmer,1
Sheep Shearer,2
Shellfish Farmer,7
Shepherd / Shepherdess,1
Silage Contractor,3
Sludge Clearance,10
Smallholder,1
Strawberry Grower,1
Stud Farm,10
Threshing Contractor,2
Tree Surgeon,8
Turf / Soil Contractor,2
Turkey Producer,1
Turkey Producer (fattening),1
Vineyard Owner(ex Wine Prod'c),1
Archaeologist,8
Artexer,3
Asbestos Removal,10
Barfitter,5
Bathroom Fitter,3
Bedroom Fitter,2
Blind Fitter / Installer,2
Bricklayer,3
Builders (Others),7
Builders (up to 2 storeys),3
Builders (up to 4 storeys),3
Cable Layer,9
Carpenter,3
Carpet Fitter,2
Cavity Wall Insulator,5
Ceiling Fixers / Fitter,3
Conservatory Erector,5
Damp / Dry Rot Control,5
Demolition Contractor,10
Double Glazing Installer,5
Double Glazing Supplier,3
Drainage Contractor,9
Drive Contractor - Domestic,7
Dry Stone Wall Builder,2
Drylining Contractor,3
Earth Moving Contractor,7
Electrical/ Security Installer,3
Electrician,3
Engineer - Acoustic,9
Engineer - Civil,10
Engineer - Construction,9
Engineer - Drainage,9
Engineer - Electrical,3
Engineer - Heating,3
Engineer - Road Transport,9
Engineer - Stress / Structural,10
Eng'r - Air Cond'/Vent' (Dom'),3
Eng'r - Air Cond'/Ventilation,3
Equestrian Course Builder,4
Excavating Contractor,9
Fascia Board/Guttering Instal',5
Fencing Contractor,3
Fireplace Installer,4
Flooring Contractor,3
Gas Fitter,3
Glass Boarding/Replace' Serv',5
Glasshouse Construction,3
Glazier,5
Greenkeeping (no prof' sites),3
Ground Maint' Cont'r (x prof'),3
Groundwork Contractor,8
Hod Carrier,3
Inspector - Highway,10
Insulation Services,5
Interior Design - w man'l work,3
Joiner,3
Kitchen Installer,3
Land Drainage Contractor,9
Landscape Gardener,3
Lift Installation,10
Odd Jobs / Handyperson,3
Office (Plant) Landscaper,3
Office Fitter,4
Painter and Decorator,2
Partitioner,3
Paving Contractor,5
Pile Driver,10
Pipe Layer,9
Plasterer,3
Plumber,3
Property Developer,8
Property Maintenance,3
Road Construction,10
Roller Shutter Installer,4
Roofing Contractor,10
Sand Blaster,10
Sauna Installer,3
Scaffolding Contractor,10
Sealant Supplier / Installer,3
Security System Installer,6
Shed Erector,2
Shopfitter,5
Shot Blaster,10
Sign Erector,5
Signwriter,3
Site Clearance Contractor,10
Site Contractor,7
Solar Panel Installer,9
Spa/Whirlpool/Hot Tub Instal',3
Sportsground Maint' Cont',4
Stabling Erector,2
Stairlift Installer,5
Steel Erector,9
Steeplejack,10
Stone Wall Builder,2
Tarmacadam Contractor,10
Telecommunications Installer,3
Thatcher,9
Thermal Insulation Installer,5
Tiler (not roof),2
Timber Treater & Damp Proofer,8
Ventilation Contractor,6
Waterproofing - Structures,8
Window Fitter,3
Wood Preservation Services,5
Woodburning Stove Installer,5
Abattoir,10
Adhesive/Sealant Manufacturer,10
Agric Mill & Mix Contractor,6
Aircraft Maintenance Cont'r,10
Aluminium Fabricator,1
Animal Feed/Sup'ment Man'r,9
Asphalt Manufacturer,10
Badge Manufacturer - textile,4
Badge Manufacturer non-textile,1
Baker / Biscuit Manufacturer,4
Basket Maker,3
Bath/Sanitary Man'r ceramics,6
Bath/Sanitary Man'r plastics,7
Battery Manufacturer,10
Bed / Mattress Manufacturer,8
Biodiesel Manufacturer,10
Biscuit Manufacturer,4
Blacksmith,4
Boat Building / Repair,10
Boiler Maker,9
Bookbinder,3
Bottlers / Canner,3
Bottling Plant (glass),3
Bottling Plant (plastic),3
Bread  Pastries & Cake M'fer,3
Brewery,3
Brick / Tile Manufacturer,3
Brush (Natural Fibres) Man'r,7
Butter & Cheese M'fer,3
Cabinet Maker,2
Candle Maker,8
Cane Goods Manufacturer,3
Canvas Goods Manufacturer,5
Car Salvage / Breaker,10
Carpet / Rug Manufacturer,8
Cattle Dip Manufacturer,10
CD/ Record / Tape Manufacturer,7
Cereals Based Food M'fer,3
Charcoal Manufacturer,10
Chemical Manufacturer,10
Chem'l Recycle/Disposal Serv',10
Chocolate Confectionery M'fer,3
Cider Maker,3
Clock Maker / Repairer,4
Clothing Man'r - Safetywear,5
Clothing Man'r - Uniforms,5
Clothing Manufacturer,3
Clothing Repair and Alteration,3
Computer Games Manufacturer,5
Computer Manufacturer,5
Concrete Product Man'r - Dom',5
Concrete Products Manufacturer,5
Conservatory Man'r - not wood,4
Conservatory Man'r - wood,5
Conveyor Manufacturer,8
Coppersmith,2
Costumier,4
Curer (excluding Smoking),3
Cutlery Manufacturer,1
Cycle Component Manufacturer,4
Dairy Products Manufacturer,3
Diamond Cutter / Polisher,4
Distillery,6
Document Shredder Manufacturer,6
Double Glazing Man'r - Metal,1
Double Glazing Man'r - UPVC,4
Double Glazing Man'r - Wood,5
Drainpipe and Fittings Man'r,4
Dressmaker,3
Drinks Dispenser Manufacturer,6
Dyer,8
Egg Grader and Packer,1
Electric Cable Manufacturer,5
Electrical Goods Man'r - brown,5
Electrical Goods Man'r - comm',6
Electrical Goods Man'r - white,6
Electricity Gen-Bio-gas (AD),6
Electricity Gen-Bio-mass,6
Electricity Gen-Hydro,5
Electricity Gen-SolarPV Ground,5
Electricity Gen-SolarPV Roof,5
Electricity Gen-Wind Large,10
Electricity Gen-Wind Medium,7
Electricity Gen-Wind Small,7
Electronic Component Man'r,5
Electronic Equipment Man'r,6
Electronic Toys/Games Man'r,6
Electroplator,8
Enamellers,8
Engineer - Aeronautical,10
Engineer - Bakery,9
Engineer - Electronics,5
Engineer - Industrial,10
Engineer - Marine,10
Engineer - Mechanical (High),9
Engineer - Mechanical (Low),9
Engineer - Mechanical (Medium),9
Engineer - Mining,10
Engineer - Nuclear,10
Engineer - Packaging,9
Engineer - Plant (High),9
Engineer - Plant (Low),9
Engineer - Plant (Medium),9
Engineer - Pneumatic,9
Engineer - Production,9
Engineer - Quarrying,10
Engineer - Refrigeration,6
Engineer - Telecommunications,7
Engineer - Welding,9
Engraver,1
Equest' Prod' Man'r ex Saddles,5
Essential Oils Manufacturer,10
Explosive/Firework Man'r,10
Fabric Designer,3
Fashion Jewellery Manufacturer,4
Fertiliser Manufacturer,10
Fibre Glass Manufacturer,10
Fibre Optic Manufacturer,9
Fireplace Man'r Plaster/Stone,7
Fireplace Manufacturer - Metal,4
Fireplace Manufacturer - Wood,5
Fish Packer/Cutter(ex cooking),3
Fish Processor (ex cooking),3
Fish Product M'fer (inc cook),6
Floor Polish Manufacturer,8
Flooring Man'r - Ceramic,3
Flooring Manufacturer - Vinyl,4
Flooring Manufacturer - Wood,5
Flourescent Tube Manufacturer,6
FlowmeterManufacturer,3
Foam Manufacturer,10
Foil Container (Al) Man'r,6
Food Packer,3
Food Preparation Equip' Man'r,3
Food Preservation,3
Food Processor,3
Footwear Manufacturer,3
Foundry,10
Frozen Food Processor,3
Fruit Packing / Processing,3
Fruit/Veg Processor (ex cook),3
Fruit/Veg Processor (inc cook),4
Fruit/Vegetable Juice M'fer,3
Fruit/Vegetable Packer,3
Furniture Man'r Metal,3
Furniture Man'r Plas',4
Furniture Man'r Wood,5
Furniture Repairer / Restorer,3
Galvaniser,8
Garden Equipment Manufacturer,3
Garden Furniture Manufacturer,5
Glass Wool Manufacturer,8
Glassware Manufacturer,7
Goldsmith,4
Gunsmith,10
Harness Maker,5
Hearing Aid Manufacturer,8
Horse Drawn Carriage Man'r,7
Ice Cream Manufacturer,3
Ink Cartridge Refiller/Recycle,10
Jam/Pickle/Sauce Manufacturer,3
Jewellery Manufacturer,4
Jointing Compound Manufacturer,8
Kitchen Manufacturer - Fitted,5
Knitwear Manufacturer,3
Leather Goods Manufacturer,5
Lens / Optical Manufacturer,4
Lighting Manufacturer,5
Liquid Milk & Cream M'fer,3
Lithographer,4
Lock Manufacturer,3
Machinery Manufacturer,3
Machinery Mechanic,8
Machinery Repairer,8
Margarine & Edible Fats M'fer,3
Meal and Tallow Manufacturer,8
Meat Packer/ Cutter,6
Meat Process' ex Abattoir/cook,6
Meat Products M'fer (inc cook),6
Medical Equipment Manufacturer,10
Metal Fabricator,1
Metallurgist,7
Metalworking Machinery Man'r,3
Miller,6
Milliner,3
Millwright,8
Mineral Water Producer,3
Mining,10
Model Maker,3
Mould Maker,3
Music Instrument Maker/Repair,3
Nail/ Screw/ Tack Manufacturer,3
Nut/Dried Fruit M'fer ex cook,3
Nut/Dried Fruit M'fer in cook,4
Oil Filter Manufacturer,10
Organ Manufacturer,3
Organic Waste Recycling,10
Other Confectionery M'fer,3
Paint Manufacturer,8
Pallet Manufacturer,9
Paper Recycling,10
Paper/Cardboard Product Man'r,8
Pasta & Assoc' Products M'fer,4
Paste Man'r (adhesives),8
Pattern Maker - Metal,3
Pattern Maker - Plastic,3
Pattern Maker - Wood / Paper,5
Paving Slab Manufacturer,7
Peat / Compost Producer,9
Peat Extractor,9
Pesticide Manufacturer,10
Pet Food Manufacturer,7
Photo Processors and Printers,4
Photocopier Manufacturer,6
Picture Framer - Metal,3
Picture Framer - Plastic,3
Picture Framer - Wood,3
Pipe Manufacturer (plastic),4
Plastic Goods Assembler,3
Plastic Man' Press Lam' T'plas,4
Plastic Man'r - Slush Moulding,4
Plastic Man'r Blown Film Ext'n,7
Plastic Man'r Coating Metal,4
Plastic Man'r Ext'n Coating,4
Plastic Man'r Hot Press Mould',7
Plastic Man'r Injection Mould',4
Plastic Man'r Lam' Mat' Fab',4
Plastic Man'r Press Lam' T'set,4
Plastic Man'r Rotation Mould',9
Plastic Man'r Transfer Mould',7
Plastic Man'r Vacuum Metal'n,9
Plastics Man'r - Blow Moulding,7
Plastics Man'r - Calandering,4
Plastics Man'r - Compounding,9
Plastics Man'r - Extrusion,4
Plastics Man'r - Spreading,4
Plastics Man'r - Thermoforming,7
Plastics Man'r-Film Conversion,7
Plater,8
Playground Man'r & Installer,10
Polystyrene Manufacturer,10
Polythene Manufacturer,10
Pond Lining Fab' & Installer,9
Potato/Crisp Snack M'fer,4
Potteries/Ceramics Man'r,3
Poultry Equipment Manufacturer,3
Poultry Processor / Packer,6
Poultry/Game Meat Packer,6
Poultry/Game Processor ex cook,6
Poultry/Game Prod'Mfer in cook,7
Powdered Milk Production,6
Pre-Prepared Meals M'fer,3
Print Finisher,4
Printers - cardboard box,8
Printers - newspaper,8
Printers - paper / cardboard,8
Printers - silk,4
Printers - textiles,4
Printing Equipment Man'r,3
Quarry,10
Reclamation / Recycling Centre,10
Refuse Treatment,10
Rendering of Meat By-products,9
Renewables-AD over 1000kW,6
Renewables-AD upto 1000kW,6
Renewables-AD upto 250kW,5
Renewables-AD upto 500kW,5
Renewables-Biomass over 1000kW,10
Renewables-Biomass upto 1000kW,7
Renewables-Biomass upto 250kW,5
Renewables-Biomass upto 500kW,7
Renewables-Hydro,6
Renewables-Solar Ground,5
Renewables-Solar Roof,5
Renewables-Wind,7
Rope Manufacturer,8
Rubber Manufacturer,10
Saddle Manufacturer,5
Safe Manufacturer,10
Salad Product Manufacturer,3
Sandwich Manufacturer,3
Saw Doctor,7
Sawmill / Woodworker for trade,9
Scientific Instrument Man'r,6
Scrap Metal Dealer,10
Sculptor,6
Seamstress,3
Seating Manufacturer,3
Shed Manufacturer,7
Sheet Metal Worker,7
Shell Crusher,7
Shellfish Product Manufacturer,7
Shipwright,10
Shoe Repairer,3
Shooting Accessories Man'r,7
Sign Maker - Metal,4
Sign Maker - Plastic,4
Sign Maker - Wood,5
Silversmith,4
Smokery,8
Snack Food Man'r/Distrib',4
Soft Furnishings Manufacturer,4
Solid Fuel Producer,10
Spa/Whirlpool/Hot Tub Man'r,7
Spectacle Manufacturer,4
Spice & Condiment M'fer,3
Spring Water Supplier,3
Stairlift Manufacturer,10
Steel Contractor,8
Steel Fabricator,4
Steeplechase Fence Producer,7
Stonemason,7
Stonemason / Stoneware Man'r,7
Stoneworker,7
Straw Briquette Manufacturer,9
Sugar Confectionery M'fer,3
Sunbed Equipment Manufacturer,10
Tableware / Kitchenware Man'r,3
Tailor / Outfitter,3
Tanner,9
Taxidermist,9
Tent Maker,5
Textile Manufacturer,4
Timber Contractor,9
Timber Stable Man'r & Supplier,7
Toilet Paper Manufacturer,8
Tool Man'r - Domestic Hand,3
Toolmaker,1
Tools & Fastenings Man'r,3
Toy Manufacturer - Electronic,6
Toy Manufacturer - Metal,4
Toy Manufacturer- Wooden,4
Tyre Disposal Services,10
Upholsterer,8
Valve Manufacturer,3
Varnish Manufacturer,8
Vending Machine Manufacturer,3
Veterinary Products Man'r,4
Wallpaper Manufacturer,8
Waste Material Processor,10
Watchmaker,4
Waterproof Material Man'r,5
Waving/Hair Preparation Man'r,10
Weaver,4
Welder,8
Wheelwright,7
Wicker Furniture Manufacturer,3
Wig Maker,4
Wine Producer (incl Growing),3
Woodburning Stove Manufacturer,4
Wooden Goods Manufacturer,5
Woodworker,5
Wool / Cotton Mill,8
Wrapping Machinery Man'r,3
Wrought Iron Manufacturer,4
Yacht / Boat Builder,10
Yoghurt Product M'fer,3
Agric Machinery Sale & Service,3
Agricultural Machinery Dealer,3
Agricultural Machinery Repair,3
Agricultural Mechanic,4
Auction - Motor,8
Bodyshop / Vehicle Repair,4
Car Collection / Delivery,10
Car Hire,10
Car Showroom,4
Car Valet,8
Caravan Accessories & Supplies,5
Caravan Dealer,5
Caravan Hire,8
Caravan Manufacturer/Outfitter,10
Caravan Service and Repair,5
Coachbuilder,10
Engineer - Farm Machinery,4
Engineer - Motor,4
Horsebox Manufacturer,9
Horsebox Serv'/Repair/Convert,7
Mobile Mechanic,10
Motor Vehicle / Trailer Hire,10
Motor Vehicle Dealer,4
Motor Vehicle Recovery,10
Motor Vehicle Restorer,5
Motor Vehicle Retailer,4
Motor Vehicle Service/ Repair,3
Paint Sprayer (Motor Trade),4
Panel Beater,3
Private Hire Operator,10
Trailer Dealer,4
Trailer Manufacturer,8
Tyre Fitter,10
Tyre Retailer,5
Vehicle Rescue/Recovery Serv',10
Vintage Vehicle Restorer,8
Wedding Car Hire,8
Windscreen Repair,8
Agricultural Produce Retailer,1
Agricultural/Livestock Auction,5
Antique Dealer,5
Aquatic Supplier,2
Art and Crafts Retailer,1
Art Dealer,3
Auction House,8
Audio Equipment Retailer,2
Babywear / Baby Goods Retailer,2
Barber,2
Bathroom Retailer,2
Beautician,3
Bedroom Retailer,3
Book Shop,2
Bridalwear Retailer,2
Butcher,3
Cake Decorate Equip'/Supplies,2
Car Boot Sales,8
Carpet Retailer,2
CD / Record / Tape Retailer,3
Charity Shop,6
Chemist/Pharmacy (dispensing),8
China and Glass Retailer,2
Clothing Retailer,2
Coin/Medal Dealer,7
Computer Retailer,5
Confectionery Retailer,2
Cosmetics Retailer,3
Curtain/Blind Retailer,2
Cycle Sale and Hire,4
Dancewear Retailer,2
Delicatessens - Retail,2
Department Store,3
Diver Equipment Sales,4
Electrical Goods Retail -brown,4
Electrical Goods Retail -comm',4
Electrical Goods Retail -white,4
Equestrian Products Retailer,3
Fancy Dress Sales / Hire,5
Fancy Goods Retailer,2
Farm Shops / PYO Produce,1
Farmers Market Organiser,2
Fellmonger,9
Fencing Retailer,2
Firework Retailers,10
Fishing Tackle Retailer,2
Fishmonger,2
Florist,1
Footwear Retailer,3
Frozen Food Retailer,2
Furniture Retailer (inc elec'),2
Furniture Retailers (x elec'),2
Garden Centre,4
Garden Furniture/Ornament Ret',2
Gas Appliance Retailer,2
Greengrocer,1
Greeting Card Retailer,2
Grocer,4
Gun Retailer / Dealer,4
Haberdasher,2
Hairdresser,3
Hairdresser - Mobile,4
Hardware / Ironmonger,4
Healthfood Retailer,2
Home Improvement Retailer,4
Homebrew Retailer,2
Hot Tub Retailer,2
Jewellery Retailer,4
Kitchen Retailer,2
Knitwear Retailer,2
Leather Goods Retailer,5
Make Up Artist,4
Manicurist,4
Market Trader,9
Medical Supplies Retailer,8
Mobile Phone Retailer,7
Motor Accessories Retailer,5
Movie Rental / Retailer,2
Nailbar,3
Newsagent,4
Off Licence,7
Office Equipment Retailer,2
Oriental Goods Retailer,2
Pedicurist,3
Perfume Retailer,3
Pet Beautician,3
Pet Food Retailer,2
Pet Retailer,2
Petrol Station,7
Pharmacist,8
Photocopier Retailer,2
Photographic Equipment Sales,4
Post Office,2
Record  Tape and CD Retailer,3
Saddlery and Leather Retailer,5
Service Station Proprietor,6
Sewing Machine Retailer,2
Soft Drinks Retailer,2
Soft Furnishing Ret' / Draper,2
Solarium / Tanning Salon,10
Sports Equipment Retailer,4
Stallholder,10
Stamp Dealer,7
Stationer,2
Stationers/Greeting Card Ret',2
Street Vendor,10
Sunbed Hire,10
Sunbed Salon,10
Supermarket,7
Tattooist,10
Tile Retailer,2
Tobacconist,5
Tools and Fastenings Retailer,4
Toy Retailer,2
Trophy / Cup Retailer,2
Veterinary Goods Retailer,2
Wallpaper Retailer,2
Wholefood Retailer,2
Wood Shaving Retailer,7
Woodburning Stove Retailer,2
Wool Retailer / Haberdasher,2
Work Wear Retailer,4
Agric Merchant/Wholesalers,3
Agrochemical Merchant - Retail,7
Agrochemical Merchant - W'sale,7
Aluminium Stockholder,3
Animal Feed/Sup'ment Retailer,3
Animal Feed/Sup'ment W'sale,3
Biological Equipment Supplier,3
Book Distributor,4
Book Wholesaler,4
Builders / Plumbers Wholesaler,3
Builder's Merchant,3
Butcher Wholesaler,6
Caravan Storage Proprietor,5
Carpet Wholesaler,8
Catering Equipment Wholesaler,3
CD / Record / Tape Wholesaler,6
Cement / Concrete Supplier,9
Charcoal / Burner Suppliers,8
Chemist W'sale - non dispense,4
China and Glass Wholesaler,3
Clothing Wholesaler,5
Coal Merchant,8
Cold Store,5
Confectionery Wholesaler,3
Corn Merchant,3
Courier,10
Crockery/ Cutlery / Glass Hire,7
Dairy Products Distributor,7
Delicatessens - Wholesale,3
Disability Equipment Supplier,4
Draper,5
Electrical Goods W'sale brown,5
Electrical Goods W'sale comm',3
Electrical Goods W'sale white,3
Electronic Component Distrib',5
Essential Oils Wholesaler,8
Feather Wholesaler,10
Fertiliser Dealer,8
Fish/Shellfish Wholesaler,7
Flour Merchant,3
Flower Wholesaler,3
Foam Wholesaler,10
Footwear Wholesaler,5
Foundry Equipment Supplier,3
Frozen Food Distributor,7
Fruit & Vegetable Wholesaler,5
Fuel Distributor,10
Fuel Supplier,10
Furniture Removal,10
Furniture Wholesaler,4
Game Dealer,5
Garden Furniture Distributor,3
Gas Merchant,8
Grocery Delivery,10
Grocery Wholesaler,3
Haulage Contractor,8
Hay and Straw Merchant,9
Health Care Products Distrib',3
Hide and Skin Merchant,5
Hot Tub Hirer,3
Hydraulic Parts Retail/Dist',3
Ice Merchant,5
Liquid Petrolium Gas Retailer,8
Log Merchant,8
Machinery Dealer,3
Machinery Retailer,3
Machinery Wholesaler,3
Mail Order Delivery,10
Mailing Services,10
Manure Merchant,7
Meat Wholesale (x cut/process),6
Metal Merchant,7
Milk Distributor,7
Milk Wholesaler,7
Motor Accessory W'sale w tyres,6
Motor Accessory W'sale x tyres,5
Musical Instrument Hire,7
Oil Distribution,10
Oil Retailer,8
Packaging Merchant,10
Paint Wholesaler,8
Peat Supplier,9
Pet Food Wholesaler,3
Plant (Machinery) Dealer,3
Plant Hire Contractor,9
Portable Building Hirer,7
Potato Trader,3
Poultry and Game Wholesaler,7
Pump Distributor,3
Removal Contractor,10
Sand and Gravel Merchant,3
Seed Merchant,3
Seed Retailer,3
Sheet and Racking Supplier,5
Skip Hire,8
Snack Food Wholesaler,3
Sports Club Merchandiser,6
Sports Goods Supplier,6
Stationery Wholesaler,4
Steel and Iron Wholesaler,7
Stone Merchant,3
Storage Services,10
Straw Dealer,9
Supplier of Humidifiers,3
Tea and Coffee Wholesaler,3
Textile Wholesaler,7
Theatre Costume/Equip'/Sup',6
Timber Frame Building Supplier,4
Timber Merchant,9
Turf / Soil Merchant,5
Vegetable Supplier,3
Vending Machine Hire,3
Wallpaper Wholesaler,4
Wine / Spirit Merchant,5
Wool Merchant,7
Accountant,2
Actuary,2
Acupuncturist,3
Advertising Agency,2
Advertising Consultant,2
Advice Bureau,2
Agric Show & Events Organiser,3
Agricultural College,7
Agricultural Consultant,2
Agricultural Co-operative,2
Agricultural Food Technologist,3
Agricultural Researcher,2
Agronomist,2
Animal Husbandry Consultant,2
Animal Minder,5
Animal Physiotherapist,3
Animal Psychologist,3
Antique Restorer,5
Arbitrator,2
Architect,2
Archivist,2
Aromatherapist,4
Art Historian,2
Art Restorer,5
Artist (Paper / Fabric),2
Audiologist,3
Auditor,2
Author,2
Barrister,2
Bath / Sanitaryware Resurfacer,4
Bird Breeder,2
Boarding Kennels / Cattery,3
Book Keeper,2
Botanist,2
Brokers - Insurance,2
Brokers - Other (x pawnbroker),2
Building Consultant,2
Business Analyst,2
Business Consultant,2
Business Support Advisor,2
Butler,5
Cake Decorator,2
Careers Advisor / Officer,2
Caretaker,2
Carpet and Upholstery Cleaner,2
Cartographer,2
Cartoonist,2
Cat Breeder,3
Catering Equipment Contractor,2
Ceramic Consultant,2
Chimney Sweep,5
Chiropodist,3
Chiropractor,3
Claims Assessor,2
Cleaning Contractor - Interior,2
Clerk Of Works,2
Communications Analyst,2
Complimentary Therapist,3
Computer Analyst / Programmer,5
Computer Consultant,5
Conference Organiser,4
Conveyancer,2
Copywriter,2
Corporate Merchandiser,3
Countryside Ranger,2
Curtain Fitter,2
Cycle Repairer,2
Dental Hygienist,3
Dentist,3
Designer,2
Desktop Publishing Services,2
Dietician / Nutritionist,3
Direct Marketing,5
Doctors Surgery (medical),3
Document Shredding Services,10
Dog Breeder,3
Dog Trainer,3
Dog Walker,5
Domestic Appliance Installer,2
Domestic Appliance Repairer,2
Drainage Consultant,2
Draughtsman/woman,2
Dry Cleaner,6
Economic Development Officer,2
Economist,2
Education Officer,7
Energy Conservation Consultant,2
Engineer - Agricultural,5
Engineer - Computer,2
Engineer - Planning,5
Engineering Consultant,5
Eng'r - Environmental/Geotech',5
Environmental Consultant,2
Equine Dental Technician (reg),3
Ergonomist,2
Estate Agent,2
Exhibition / Event Organiser,4
Exhibition Designer,3
Farm Consultant,2
Farm Office,2
Farrier - Registered,3
Fashion Consultant,3
Fashion Designer,3
Finance Broker,2
Financial Advisor / Consultant,2
Financial Analyst,2
Fine Arts Valuer,2
Fire Protection Consultant,2
Fish Farm Consultant,2
Forestry Consultant-Non Agric',3
French Polisher,2
Garden Designer - x man'l work,2
Gardening Machinery Services,2
Graphic Designer,2
Grassland Amenity Management,2
Grave Digger,6
Health and Safety Advisor,2
Health Education,7
Heating Consultant,2
Heelbar,2
Historian,2
Home Economist,2
Horse Physiotherapy,3
Hospitality Agent,5
Housekeeper,5
Human Resources Consultant,2
Human Resources Management,2
Hygienist,3
I T Consultant,2
Illustrator,2
Industrial Consultant,2
Information Centre,2
Insolvency Administrator,2
Insolvency Consultant,2
Inspector - Animal Health,7
Inspector - Meat,7
Inspector - Property,7
Inspector - Safety,7
Inspector - Schools,7
Inspector - Tax,7
Inspector - Veterinary,7
Insurance Agent,2
Interior Design - x man'l work,2
Interpreter,2
Ironing Services,2
Key Cutting Services,3
Land Agent,2
Land Management Advisor,2
Land Surveyor,2
Lawyer,2
Legal Adviser,2
Letting Agency,2
Lighting Technician,4
Literary Agent,2
Livestock Haulage,7
Locksmith,3
Loss Adjuster,2
Management Consultant,2
Marine Consultant,7
Marine Surveyor,7
Market Research,2
Marketing Consultant,2
Marquee Hire,7
Masseur / Masseuse,3
Meat Grader,5
Meat Inspector,7
Mortgage Consultant / Broker,2
Motor Fleet Consultant,3
Music Teacher,7
Optician,3
Orthodontist,3
Osteopath,3
PA Systems Supplier / Fitter,4
Party Planner,7
Pensions Consultant,2
Pest / Vermin Control,5
Photo Studios (no equip sales),2
Photocopier Servicing,2
Photographer,2
Physio / Sports Injury Clinic,3
Physiotherapist (mobile),3
Piano Tuner,2
Planning Consultant,2
Playwright,2
Podiatrist,3
Poet,2
Pressure Washer Cleaning Serv',7
Private Tutor,7
Property Agent,2
Property Consultant,2
Property Management,2
Property Valuer,2
Public Relations Consultant,2
Publisher,2
Quantity Surveyor,2
Reflexologist,3
Relocation Agent,2
Rural Development Officer,2
Rural Industries Organiser,2
Rural Transport Adviser,2
Saddle Measurer and Fitter,6
Safe Installer,6
Safety Consultant,2
Secretarial Services,3
Security Consultant,7
Snow Clearance Contractor,4
Solicitor,2
Speech Therapist,3
Stockbroker,2
Surveyor,2
Swimming Pool Cont' (Cleaning),7
Taxation Consultant,2
Telecommunications Consultant,2
Telesales,3
Television Repairer,2
Tourist Information,5
Training Consultant,7
Training Services,7
Translator,2
Transport Consultant,2
Trichologist / Hair Consultant,3
Typographer,2
Undertaker,3
Valuer,2
Veterinary Surgeon,3
Website Designer,6
Wedding Consultant,7
Weighing Systems Supply/Serv',7
Wide Load Surveyor,2
Wildlife Advisor,3
Wool Marketing Board,2
